{
  "accuracy": 0.8693705797195435,
  "loss": 0.32031118869781494,
  "val_accuracy": 0.6963123679161072,
  "val_loss": 0.5902696847915649,
  "epoch": 27,
  "global_step": 6468
}