{
  "accuracy": 0.8708627223968506,
  "loss": 0.3155573010444641,
  "val_accuracy": 0.6865509748458862,
  "val_loss": 0.6095241904258728,
  "epoch": 39,
  "global_step": 9240
}