{
  "accuracy": 0.8707270622253418,
  "loss": 0.31826502084732056,
  "val_accuracy": 0.688720166683197,
  "val_loss": 0.618667483329773,
  "epoch": 48,
  "global_step": 11319
}