{
  "accuracy": 0.8692349195480347,
  "loss": 0.3163433074951172,
  "val_accuracy": 0.7185466289520264,
  "val_loss": 0.5695132613182068,
  "epoch": 39,
  "global_step": 9240
}