{
  "accuracy": 0.8661150336265564,
  "loss": 0.32526278495788574,
  "val_accuracy": 0.6816703081130981,
  "val_loss": 0.6297758221626282,
  "epoch": 25,
  "global_step": 6006
}