{
  "accuracy": 0.875339150428772,
  "loss": 0.3085542619228363,
  "val_accuracy": 0.6936008930206299,
  "val_loss": 0.599478542804718,
  "epoch": 49,
  "global_step": 11550
}