{
  "accuracy": 0.8690993189811707,
  "loss": 0.3136022984981537,
  "val_accuracy": 0.688720166683197,
  "val_loss": 0.6084975004196167,
  "epoch": 49,
  "global_step": 11550
}