{
  "accuracy": 0.870591402053833,
  "loss": 0.31465429067611694,
  "val_accuracy": 0.688720166683197,
  "val_loss": 0.608077347278595,
  "epoch": 36,
  "global_step": 8547
}