{
  "accuracy": 0.8688279986381531,
  "loss": 0.3182504177093506,
  "val_accuracy": 0.6914316415786743,
  "val_loss": 0.6104741096496582,
  "epoch": 38,
  "global_step": 9009
}