{
  "accuracy": 0.8693705797195435,
  "loss": 0.32435837388038635,
  "val_accuracy": 0.7109544277191162,
  "val_loss": 0.5659770369529724,
  "epoch": 25,
  "global_step": 6006
}