{
  "accuracy": 0.8674715161323547,
  "loss": 0.3193225860595703,
  "val_accuracy": 0.7006507515907288,
  "val_loss": 0.6146427392959595,
  "epoch": 27,
  "global_step": 6468
}