{
  "accuracy": 0.8670645952224731,
  "loss": 0.3181614279747009,
  "val_accuracy": 0.6892624497413635,
  "val_loss": 0.5991530418395996,
  "epoch": 40,
  "global_step": 9471
}