{
  "accuracy": 0.8688279986381531,
  "loss": 0.3201238214969635,
  "val_accuracy": 0.7077006697654724,
  "val_loss": 0.5885961651802063,
  "epoch": 31,
  "global_step": 7392
}